<?xml version="1.0"?>
<project name="nant">
    <property name="sf.net.ssh.server" value="shell.sourceforge.net" />
    <property name="sf.net.ssh.user" value="${environment::get-user-name()}" unless="${property::exists('sf.net.ssh.user')}" />
    <property name="sf.net.web.path" value="/home/project-web/nant/htdocs" />
    <property name="sf.net.release.path" value="/home/frs/project/n/na/nant/nant" />
    <property name="sf.net.nightly.path" value="${sf.net.release.path}/nightly" />
    <property name="sf.connection" value="${sf.net.ssh.user},${project::get-name()}@${sf.net.ssh.server}" />
    <property name="serverpart" value="${sf.connection}:${sf.net.web.path}" />

    <target name="create-shell">
        <exec program="ssh">
            <arg line="${sf.connection}" />
            <arg value="create" />
        </exec>
    </target>
</project>
